DROP DATABASE IF EXISTS CustomerInsights;
CREATE DATABASE CustomerInsights;
USE CustomerInsights;

CREATE TABLE Customers (
    CustomerID INT PRIMARY KEY,
    CustomerName VARCHAR(100),
    City VARCHAR(50),
    JoinDate DATE
);

CREATE TABLE Products (
    ProductID INT PRIMARY KEY,
    ProductName VARCHAR(100),
    Category VARCHAR(50),
    Price DECIMAL(10,2)
);

CREATE TABLE Orders (
    OrderID INT PRIMARY KEY,
    CustomerID INT,
    OrderDate DATE,
    Status ENUM('Completed', 'Pending', 'Cancelled'),
    FOREIGN KEY (CustomerID) REFERENCES Customers(CustomerID)
);

CREATE TABLE OrderDetails (
    OrderID INT,
    ProductID INT,
    Quantity INT,
    Price DECIMAL(10,2),
    PRIMARY KEY (OrderID, ProductID),
    FOREIGN KEY (OrderID) REFERENCES Orders(OrderID),
    FOREIGN KEY (ProductID) REFERENCES Products(ProductID)
);

INSERT INTO Customers VALUES (1, 'Customer_1', 'Chennai', '2022-06-13');
INSERT INTO Customers VALUES (2, 'Customer_2', 'Bengaluru', '2023-03-09');
INSERT INTO Customers VALUES (3, 'Customer_3', 'Mumbai', '2022-12-15');
INSERT INTO Customers VALUES (4, 'Customer_4', 'Mumbai', '2022-10-12');
INSERT INTO Customers VALUES (5, 'Customer_5', 'Chennai', '2022-06-09');
INSERT INTO Customers VALUES (6, 'Customer_6', 'Chennai', '2022-08-09');
INSERT INTO Customers VALUES (7, 'Customer_7', 'Hyderabad', '2022-12-11');
INSERT INTO Customers VALUES (8, 'Customer_8', 'Bengaluru', '2022-04-15');
INSERT INTO Customers VALUES (9, 'Customer_9', 'Delhi', '2022-04-05');
INSERT INTO Customers VALUES (10, 'Customer_10', 'Bengaluru', '2023-01-25');
INSERT INTO Customers VALUES (11, 'Customer_11', 'Mumbai', '2022-04-10');
INSERT INTO Customers VALUES (12, 'Customer_12', 'Delhi', '2023-01-03');
INSERT INTO Customers VALUES (13, 'Customer_13', 'Bengaluru', '2022-12-19');
INSERT INTO Customers VALUES (14, 'Customer_14', 'Bengaluru', '2023-09-11');
INSERT INTO Customers VALUES (15, 'Customer_15', 'Chennai', '2022-09-28');
INSERT INTO Customers VALUES (16, 'Customer_16', 'Delhi', '2022-02-14');
INSERT INTO Customers VALUES (17, 'Customer_17', 'Mumbai', '2023-04-16');
INSERT INTO Customers VALUES (18, 'Customer_18', 'Delhi', '2023-07-04');
INSERT INTO Customers VALUES (19, 'Customer_19', 'Hyderabad', '2022-05-08');
INSERT INTO Customers VALUES (20, 'Customer_20', 'Bengaluru', '2023-01-23');

INSERT INTO Products VALUES (1, 'Product_1', 'Electronics', 89.7);
INSERT INTO Products VALUES (2, 'Product_2', 'Clothing', 184.08);
INSERT INTO Products VALUES (3, 'Product_3', 'Home Decor', 338.39);
INSERT INTO Products VALUES (4, 'Product_4', 'Books', 353.89);
INSERT INTO Products VALUES (5, 'Product_5', 'Clothing', 344.94);
INSERT INTO Products VALUES (6, 'Product_6', 'Electronics', 44.99);
INSERT INTO Products VALUES (7, 'Product_7', 'Electronics', 321.14);
INSERT INTO Products VALUES (8, 'Product_8', 'Home Decor', 271.73);
INSERT INTO Products VALUES (9, 'Product_9', 'Books', 129.96);
INSERT INTO Products VALUES (10, 'Product_10', 'Books', 236.51);
INSERT INTO Products VALUES (11, 'Product_11', 'Books', 142.27);
INSERT INTO Products VALUES (12, 'Product_12', 'Books', 463.44);
INSERT INTO Products VALUES (13, 'Product_13', 'Clothing', 347.2);
INSERT INTO Products VALUES (14, 'Product_14', 'Clothing', 117.61);
INSERT INTO Products VALUES (15, 'Product_15', 'Books', 168.9);

INSERT INTO Orders VALUES (1, 2, '2023-04-28', 'Completed');
INSERT INTO Orders VALUES (2, 7, '2023-12-02', 'Pending');
INSERT INTO Orders VALUES (3, 19, '2023-08-08', 'Cancelled');
INSERT INTO Orders VALUES (4, 5, '2023-11-18', 'Completed');
INSERT INTO Orders VALUES (5, 18, '2023-01-06', 'Cancelled');
INSERT INTO Orders VALUES (6, 11, '2023-02-27', 'Pending');
INSERT INTO Orders VALUES (7, 10, '2023-11-24', 'Cancelled');
INSERT INTO Orders VALUES (8, 4, '2023-07-05', 'Pending');
INSERT INTO Orders VALUES (9, 3, '2024-01-10', 'Pending');
INSERT INTO Orders VALUES (10, 5, '2023-12-04', 'Pending');
INSERT INTO Orders VALUES (11, 15, '2023-09-22', 'Pending');
INSERT INTO Orders VALUES (12, 3, '2023-06-23', 'Completed');
INSERT INTO Orders VALUES (13, 2, '2023-06-19', 'Completed');
INSERT INTO Orders VALUES (14, 14, '2023-04-08', 'Completed');
INSERT INTO Orders VALUES (15, 12, '2023-08-05', 'Pending');
INSERT INTO Orders VALUES (16, 4, '2023-05-08', 'Completed');
INSERT INTO Orders VALUES (17, 6, '2023-05-23', 'Pending');
INSERT INTO Orders VALUES (18, 2, '2023-11-30', 'Cancelled');
INSERT INTO Orders VALUES (19, 6, '2023-07-28', 'Pending');
INSERT INTO Orders VALUES (20, 9, '2023-08-21', 'Pending');
INSERT INTO Orders VALUES (21, 11, '2023-01-30', 'Completed');
INSERT INTO Orders VALUES (22, 13, '2023-03-03', 'Cancelled');
INSERT INTO Orders VALUES (23, 14, '2023-12-03', 'Cancelled');
INSERT INTO Orders VALUES (24, 10, '2023-08-23', 'Pending');
INSERT INTO Orders VALUES (25, 20, '2023-10-16', 'Completed');
INSERT INTO Orders VALUES (26, 17, '2023-05-16', 'Completed');
INSERT INTO Orders VALUES (27, 6, '2023-08-13', 'Cancelled');
INSERT INTO Orders VALUES (28, 5, '2023-05-16', 'Completed');
INSERT INTO Orders VALUES (29, 9, '2023-05-25', 'Cancelled');
INSERT INTO Orders VALUES (30, 17, '2023-09-08', 'Pending');
INSERT INTO Orders VALUES (31, 9, '2023-01-23', 'Completed');
INSERT INTO Orders VALUES (32, 18, '2023-12-28', 'Pending');
INSERT INTO Orders VALUES (33, 14, '2023-03-07', 'Completed');
INSERT INTO Orders VALUES (34, 4, '2023-07-01', 'Cancelled');
INSERT INTO Orders VALUES (35, 14, '2023-01-13', 'Completed');
INSERT INTO Orders VALUES (36, 4, '2023-07-15', 'Completed');
INSERT INTO Orders VALUES (37, 8, '2023-01-13', 'Cancelled');
INSERT INTO Orders VALUES (38, 9, '2023-06-29', 'Cancelled');
INSERT INTO Orders VALUES (39, 20, '2023-08-11', 'Pending');
INSERT INTO Orders VALUES (40, 14, '2023-01-01', 'Cancelled');
INSERT INTO Orders VALUES (41, 10, '2023-09-17', 'Pending');
INSERT INTO Orders VALUES (42, 13, '2023-12-13', 'Cancelled');
INSERT INTO Orders VALUES (43, 10, '2023-05-27', 'Completed');
INSERT INTO Orders VALUES (44, 6, '2023-12-04', 'Completed');
INSERT INTO Orders VALUES (45, 8, '2023-04-12', 'Completed');
INSERT INTO Orders VALUES (46, 16, '2023-11-09', 'Completed');
INSERT INTO Orders VALUES (47, 1, '2024-01-20', 'Completed');
INSERT INTO Orders VALUES (48, 15, '2023-03-10', 'Pending');
INSERT INTO Orders VALUES (49, 16, '2023-08-19', 'Pending');
INSERT INTO Orders VALUES (50, 8, '2023-05-21', 'Pending');
INSERT INTO Orders VALUES (51, 8, '2023-05-20', 'Pending');
INSERT INTO Orders VALUES (52, 5, '2023-12-28', 'Completed');
INSERT INTO Orders VALUES (53, 11, '2023-10-05', 'Pending');
INSERT INTO Orders VALUES (54, 16, '2023-01-04', 'Pending');
INSERT INTO Orders VALUES (55, 16, '2023-04-23', 'Pending');
INSERT INTO Orders VALUES (56, 15, '2023-03-07', 'Cancelled');
INSERT INTO Orders VALUES (57, 9, '2023-07-14', 'Pending');
INSERT INTO Orders VALUES (58, 9, '2024-01-21', 'Pending');
INSERT INTO Orders VALUES (59, 12, '2023-04-25', 'Cancelled');
INSERT INTO Orders VALUES (60, 1, '2023-05-07', 'Completed');
INSERT INTO Orders VALUES (61, 8, '2023-03-06', 'Pending');
INSERT INTO Orders VALUES (62, 15, '2023-12-25', 'Pending');
INSERT INTO Orders VALUES (63, 19, '2023-01-14', 'Pending');
INSERT INTO Orders VALUES (64, 19, '2024-02-05', 'Completed');
INSERT INTO Orders VALUES (65, 1, '2023-08-04', 'Pending');
INSERT INTO Orders VALUES (66, 15, '2023-12-29', 'Completed');
INSERT INTO Orders VALUES (67, 11, '2023-05-06', 'Completed');
INSERT INTO Orders VALUES (68, 11, '2023-01-15', 'Pending');
INSERT INTO Orders VALUES (69, 11, '2023-05-24', 'Cancelled');
INSERT INTO Orders VALUES (70, 14, '2023-09-08', 'Cancelled');
INSERT INTO Orders VALUES (71, 15, '2023-01-09', 'Completed');
INSERT INTO Orders VALUES (72, 16, '2023-10-11', 'Cancelled');
INSERT INTO Orders VALUES (73, 9, '2023-04-29', 'Completed');
INSERT INTO Orders VALUES (74, 7, '2023-04-21', 'Cancelled');
INSERT INTO Orders VALUES (75, 10, '2023-01-08', 'Cancelled');
INSERT INTO Orders VALUES (76, 4, '2023-01-07', 'Cancelled');
INSERT INTO Orders VALUES (77, 9, '2023-09-02', 'Completed');
INSERT INTO Orders VALUES (78, 3, '2023-10-23', 'Cancelled');
INSERT INTO Orders VALUES (79, 19, '2023-06-05', 'Completed');
INSERT INTO Orders VALUES (80, 17, '2023-07-14', 'Pending');
INSERT INTO Orders VALUES (81, 7, '2023-05-16', 'Cancelled');
INSERT INTO Orders VALUES (82, 6, '2023-10-10', 'Completed');
INSERT INTO Orders VALUES (83, 10, '2023-01-17', 'Completed');
INSERT INTO Orders VALUES (84, 9, '2023-11-17', 'Cancelled');
INSERT INTO Orders VALUES (85, 5, '2023-05-17', 'Completed');
INSERT INTO Orders VALUES (86, 10, '2023-11-01', 'Cancelled');
INSERT INTO Orders VALUES (87, 15, '2023-02-11', 'Cancelled');
INSERT INTO Orders VALUES (88, 11, '2023-11-06', 'Pending');
INSERT INTO Orders VALUES (89, 19, '2023-10-28', 'Completed');
INSERT INTO Orders VALUES (90, 9, '2023-04-03', 'Cancelled');
INSERT INTO Orders VALUES (91, 4, '2023-03-24', 'Pending');
INSERT INTO Orders VALUES (92, 11, '2023-05-10', 'Pending');
INSERT INTO Orders VALUES (93, 17, '2023-01-01', 'Cancelled');
INSERT INTO Orders VALUES (94, 2, '2023-04-15', 'Pending');
INSERT INTO Orders VALUES (95, 10, '2023-10-10', 'Completed');
INSERT INTO Orders VALUES (96, 17, '2023-12-28', 'Pending');
INSERT INTO Orders VALUES (97, 20, '2023-09-18', 'Cancelled');
INSERT INTO Orders VALUES (98, 11, '2023-09-17', 'Pending');
INSERT INTO Orders VALUES (99, 19, '2023-10-24', 'Cancelled');
INSERT INTO Orders VALUES (100, 15, '2023-06-14', 'Completed');
INSERT INTO Orders VALUES (101, 2, '2023-06-12', 'Cancelled');
INSERT INTO Orders VALUES (102, 4, '2023-08-14', 'Completed');
INSERT INTO Orders VALUES (103, 11, '2023-11-16', 'Cancelled');
INSERT INTO Orders VALUES (104, 18, '2023-01-19', 'Cancelled');
INSERT INTO Orders VALUES (105, 8, '2024-01-18', 'Completed');
INSERT INTO Orders VALUES (106, 2, '2023-06-16', 'Completed');
INSERT INTO Orders VALUES (107, 19, '2023-12-16', 'Completed');
INSERT INTO Orders VALUES (108, 20, '2023-12-16', 'Completed');
INSERT INTO Orders VALUES (109, 1, '2023-08-27', 'Pending');
INSERT INTO Orders VALUES (110, 15, '2023-06-04', 'Completed');
INSERT INTO Orders VALUES (111, 10, '2023-01-12', 'Cancelled');
INSERT INTO Orders VALUES (112, 8, '2023-11-07', 'Pending');
INSERT INTO Orders VALUES (113, 5, '2023-11-18', 'Completed');
INSERT INTO Orders VALUES (114, 2, '2023-10-24', 'Pending');
INSERT INTO Orders VALUES (115, 6, '2023-04-13', 'Completed');
INSERT INTO Orders VALUES (116, 11, '2023-02-28', 'Pending');
INSERT INTO Orders VALUES (117, 13, '2023-10-13', 'Pending');
INSERT INTO Orders VALUES (118, 1, '2023-05-16', 'Cancelled');
INSERT INTO Orders VALUES (119, 9, '2023-10-27', 'Pending');
INSERT INTO Orders VALUES (120, 20, '2023-04-24', 'Cancelled');
INSERT INTO Orders VALUES (121, 10, '2023-11-29', 'Pending');
INSERT INTO Orders VALUES (122, 2, '2023-06-05', 'Pending');
INSERT INTO Orders VALUES (123, 18, '2023-03-11', 'Pending');
INSERT INTO Orders VALUES (124, 16, '2023-11-12', 'Pending');
INSERT INTO Orders VALUES (125, 12, '2023-02-20', 'Cancelled');
INSERT INTO Orders VALUES (126, 4, '2023-08-21', 'Completed');
INSERT INTO Orders VALUES (127, 8, '2023-03-06', 'Cancelled');
INSERT INTO Orders VALUES (128, 8, '2023-06-18', 'Completed');
INSERT INTO Orders VALUES (129, 5, '2023-01-08', 'Pending');
INSERT INTO Orders VALUES (130, 9, '2023-01-27', 'Completed');
INSERT INTO Orders VALUES (131, 17, '2023-10-31', 'Completed');
INSERT INTO Orders VALUES (132, 2, '2023-09-03', 'Pending');
INSERT INTO Orders VALUES (133, 3, '2023-03-06', 'Pending');
INSERT INTO Orders VALUES (134, 14, '2023-08-20', 'Completed');
INSERT INTO Orders VALUES (135, 11, '2023-12-07', 'Pending');
INSERT INTO Orders VALUES (136, 3, '2023-08-10', 'Completed');
INSERT INTO Orders VALUES (137, 4, '2023-07-30', 'Pending');
INSERT INTO Orders VALUES (138, 5, '2023-12-03', 'Pending');
INSERT INTO Orders VALUES (139, 4, '2024-01-26', 'Pending');
INSERT INTO Orders VALUES (140, 11, '2023-06-29', 'Completed');
INSERT INTO Orders VALUES (141, 3, '2023-03-14', 'Cancelled');
INSERT INTO Orders VALUES (142, 13, '2023-08-03', 'Pending');
INSERT INTO Orders VALUES (143, 2, '2023-03-21', 'Completed');
INSERT INTO Orders VALUES (144, 7, '2024-01-22', 'Cancelled');
INSERT INTO Orders VALUES (145, 4, '2023-05-26', 'Cancelled');
INSERT INTO Orders VALUES (146, 5, '2024-01-27', 'Pending');
INSERT INTO Orders VALUES (147, 6, '2023-03-08', 'Pending');
INSERT INTO Orders VALUES (148, 15, '2023-02-09', 'Pending');
INSERT INTO Orders VALUES (149, 20, '2023-08-24', 'Cancelled');
INSERT INTO Orders VALUES (150, 19, '2023-07-25', 'Cancelled');
INSERT INTO Orders VALUES (151, 11, '2023-04-24', 'Pending');
INSERT INTO Orders VALUES (152, 12, '2023-06-29', 'Cancelled');
INSERT INTO Orders VALUES (153, 7, '2023-03-30', 'Cancelled');
INSERT INTO Orders VALUES (154, 15, '2024-01-22', 'Cancelled');
INSERT INTO Orders VALUES (155, 9, '2023-10-30', 'Completed');
INSERT INTO Orders VALUES (156, 2, '2023-07-08', 'Pending');
INSERT INTO Orders VALUES (157, 20, '2023-11-01', 'Cancelled');
INSERT INTO Orders VALUES (158, 2, '2023-08-19', 'Completed');
INSERT INTO Orders VALUES (159, 15, '2023-08-13', 'Cancelled');
INSERT INTO Orders VALUES (160, 20, '2023-01-27', 'Cancelled');
INSERT INTO Orders VALUES (161, 20, '2023-03-18', 'Pending');
INSERT INTO Orders VALUES (162, 12, '2023-06-08', 'Cancelled');
INSERT INTO Orders VALUES (163, 17, '2023-02-17', 'Cancelled');
INSERT INTO Orders VALUES (164, 16, '2023-04-09', 'Completed');
INSERT INTO Orders VALUES (165, 17, '2024-01-30', 'Cancelled');
INSERT INTO Orders VALUES (166, 15, '2023-01-23', 'Pending');
INSERT INTO Orders VALUES (167, 8, '2023-10-01', 'Completed');
INSERT INTO Orders VALUES (168, 15, '2024-01-29', 'Pending');
INSERT INTO Orders VALUES (169, 2, '2023-11-25', 'Pending');
INSERT INTO Orders VALUES (170, 6, '2023-05-20', 'Pending');
INSERT INTO Orders VALUES (171, 14, '2023-01-28', 'Pending');
INSERT INTO Orders VALUES (172, 11, '2023-03-16', 'Completed');
INSERT INTO Orders VALUES (173, 5, '2024-01-24', 'Cancelled');
INSERT INTO Orders VALUES (174, 18, '2024-01-08', 'Cancelled');
INSERT INTO Orders VALUES (175, 20, '2023-08-23', 'Completed');
INSERT INTO Orders VALUES (176, 20, '2023-10-02', 'Completed');
INSERT INTO Orders VALUES (177, 6, '2023-12-07', 'Cancelled');
INSERT INTO Orders VALUES (178, 3, '2023-09-27', 'Cancelled');
INSERT INTO Orders VALUES (179, 12, '2023-02-04', 'Pending');
INSERT INTO Orders VALUES (180, 5, '2023-01-23', 'Pending');
INSERT INTO Orders VALUES (181, 3, '2024-01-02', 'Pending');
INSERT INTO Orders VALUES (182, 2, '2023-04-13', 'Completed');
INSERT INTO Orders VALUES (183, 9, '2023-01-19', 'Cancelled');
INSERT INTO Orders VALUES (184, 11, '2023-05-20', 'Completed');
INSERT INTO Orders VALUES (185, 11, '2023-04-06', 'Pending');
INSERT INTO Orders VALUES (186, 20, '2023-04-03', 'Cancelled');
INSERT INTO Orders VALUES (187, 10, '2023-08-17', 'Cancelled');
INSERT INTO Orders VALUES (188, 9, '2023-11-24', 'Completed');
INSERT INTO Orders VALUES (189, 12, '2023-09-20', 'Cancelled');
INSERT INTO Orders VALUES (190, 2, '2023-03-06', 'Completed');
INSERT INTO Orders VALUES (191, 19, '2023-01-17', 'Cancelled');
INSERT INTO Orders VALUES (192, 15, '2024-01-26', 'Completed');
INSERT INTO Orders VALUES (193, 16, '2023-09-23', 'Pending');
INSERT INTO Orders VALUES (194, 7, '2023-03-04', 'Completed');
INSERT INTO Orders VALUES (195, 15, '2023-02-14', 'Cancelled');
INSERT INTO Orders VALUES (196, 10, '2023-03-22', 'Cancelled');
INSERT INTO Orders VALUES (197, 4, '2023-04-13', 'Completed');
INSERT INTO Orders VALUES (198, 18, '2023-10-21', 'Pending');
INSERT INTO Orders VALUES (199, 17, '2023-07-30', 'Pending');
INSERT INTO Orders VALUES (200, 5, '2023-08-10', 'Cancelled');

INSERT INTO OrderDetails VALUES (1, 2, 2, 184.08);
INSERT INTO OrderDetails VALUES (1, 7, 3, 321.14);
INSERT INTO OrderDetails VALUES (1, 15, 3, 168.9);
INSERT INTO OrderDetails VALUES (2, 3, 5, 338.39);
INSERT INTO OrderDetails VALUES (2, 12, 3, 463.44);
INSERT INTO OrderDetails VALUES (2, 15, 4, 168.9);
INSERT INTO OrderDetails VALUES (3, 2, 1, 184.08);
INSERT INTO OrderDetails VALUES (3, 3, 4, 338.39);
INSERT INTO OrderDetails VALUES (3, 6, 2, 44.99);
INSERT INTO OrderDetails VALUES (3, 14, 1, 117.61);
INSERT INTO OrderDetails VALUES (4, 7, 4, 321.14);
INSERT INTO OrderDetails VALUES (4, 9, 3, 129.96);
INSERT INTO OrderDetails VALUES (4, 10, 5, 236.51);
INSERT INTO OrderDetails VALUES (5, 11, 3, 142.27);
INSERT INTO OrderDetails VALUES (6, 1, 3, 89.7);
INSERT INTO OrderDetails VALUES (6, 3, 4, 338.39);
INSERT INTO OrderDetails VALUES (6, 9, 3, 129.96);
INSERT INTO OrderDetails VALUES (7, 4, 2, 353.89);
INSERT INTO OrderDetails VALUES (7, 6, 2, 44.99);
INSERT INTO OrderDetails VALUES (7, 8, 1, 271.73);
INSERT INTO OrderDetails VALUES (7, 9, 1, 129.96);
INSERT INTO OrderDetails VALUES (7, 10, 3, 236.51);
INSERT INTO OrderDetails VALUES (8, 1, 2, 89.7);
INSERT INTO OrderDetails VALUES (8, 15, 1, 168.9);
INSERT INTO OrderDetails VALUES (9, 13, 2, 347.2);
INSERT INTO OrderDetails VALUES (10, 3, 3, 338.39);
INSERT INTO OrderDetails VALUES (10, 4, 2, 353.89);
INSERT INTO OrderDetails VALUES (10, 7, 3, 321.14);
INSERT INTO OrderDetails VALUES (10, 9, 4, 129.96);
INSERT INTO OrderDetails VALUES (10, 12, 3, 463.44);
INSERT INTO OrderDetails VALUES (11, 4, 2, 353.89);
INSERT INTO OrderDetails VALUES (12, 1, 1, 89.7);
INSERT INTO OrderDetails VALUES (12, 4, 1, 353.89);
INSERT INTO OrderDetails VALUES (12, 9, 2, 129.96);
INSERT INTO OrderDetails VALUES (12, 10, 2, 236.51);
INSERT INTO OrderDetails VALUES (12, 12, 1, 463.44);
INSERT INTO OrderDetails VALUES (13, 4, 9, 353.89);
INSERT INTO OrderDetails VALUES (13, 11, 4, 142.27);
INSERT INTO OrderDetails VALUES (13, 12, 4, 463.44);
INSERT INTO OrderDetails VALUES (14, 11, 4, 142.27);
INSERT INTO OrderDetails VALUES (15, 1, 4, 89.7);
INSERT INTO OrderDetails VALUES (15, 11, 1, 142.27);
INSERT INTO OrderDetails VALUES (15, 12, 3, 463.44);
INSERT INTO OrderDetails VALUES (15, 14, 1, 117.61);
INSERT INTO OrderDetails VALUES (16, 3, 4, 338.39);
INSERT INTO OrderDetails VALUES (16, 9, 4, 129.96);
INSERT INTO OrderDetails VALUES (17, 8, 1, 271.73);
INSERT INTO OrderDetails VALUES (17, 14, 1, 117.61);
INSERT INTO OrderDetails VALUES (18, 2, 2, 184.08);
INSERT INTO OrderDetails VALUES (19, 1, 4, 89.7);
INSERT INTO OrderDetails VALUES (19, 3, 4, 338.39);
INSERT INTO OrderDetails VALUES (19, 4, 4, 353.89);
INSERT INTO OrderDetails VALUES (19, 15, 1, 168.9);
INSERT INTO OrderDetails VALUES (20, 1, 1, 89.7);
INSERT INTO OrderDetails VALUES (20, 3, 2, 338.39);
INSERT INTO OrderDetails VALUES (20, 5, 2, 344.94);
INSERT INTO OrderDetails VALUES (20, 12, 4, 463.44);
INSERT INTO OrderDetails VALUES (21, 1, 1, 89.7);
INSERT INTO OrderDetails VALUES (21, 2, 1, 184.08);
INSERT INTO OrderDetails VALUES (21, 8, 2, 271.73);
INSERT INTO OrderDetails VALUES (21, 11, 2, 142.27);
INSERT INTO OrderDetails VALUES (21, 14, 2, 117.61);
INSERT INTO OrderDetails VALUES (22, 10, 2, 236.51);
INSERT INTO OrderDetails VALUES (23, 4, 6, 353.89);
INSERT INTO OrderDetails VALUES (23, 7, 2, 321.14);
INSERT INTO OrderDetails VALUES (23, 9, 3, 129.96);
INSERT INTO OrderDetails VALUES (23, 15, 3, 168.9);
INSERT INTO OrderDetails VALUES (24, 1, 4, 89.7);
INSERT INTO OrderDetails VALUES (25, 9, 2, 129.96);
INSERT INTO OrderDetails VALUES (26, 6, 3, 44.99);
INSERT INTO OrderDetails VALUES (26, 15, 3, 168.9);
INSERT INTO OrderDetails VALUES (27, 10, 1, 236.51);
INSERT INTO OrderDetails VALUES (27, 11, 3, 142.27);
INSERT INTO OrderDetails VALUES (27, 15, 1, 168.9);
INSERT INTO OrderDetails VALUES (28, 12, 2, 463.44);
INSERT INTO OrderDetails VALUES (29, 4, 3, 353.89);
INSERT INTO OrderDetails VALUES (29, 12, 3, 463.44);
INSERT INTO OrderDetails VALUES (30, 2, 4, 184.08);
INSERT INTO OrderDetails VALUES (31, 3, 4, 338.39);
INSERT INTO OrderDetails VALUES (31, 11, 3, 142.27);
INSERT INTO OrderDetails VALUES (31, 13, 2, 347.2);
INSERT INTO OrderDetails VALUES (32, 1, 1, 89.7);
INSERT INTO OrderDetails VALUES (32, 2, 2, 184.08);
INSERT INTO OrderDetails VALUES (32, 9, 1, 129.96);
INSERT INTO OrderDetails VALUES (32, 10, 2, 236.51);
INSERT INTO OrderDetails VALUES (32, 14, 3, 117.61);
INSERT INTO OrderDetails VALUES (33, 4, 2, 353.89);
INSERT INTO OrderDetails VALUES (33, 6, 1, 44.99);
INSERT INTO OrderDetails VALUES (33, 15, 3, 168.9);
INSERT INTO OrderDetails VALUES (34, 10, 2, 236.51);
INSERT INTO OrderDetails VALUES (34, 13, 2, 347.2);
INSERT INTO OrderDetails VALUES (34, 14, 2, 117.61);
INSERT INTO OrderDetails VALUES (34, 15, 2, 168.9);
INSERT INTO OrderDetails VALUES (35, 5, 2, 344.94);
INSERT INTO OrderDetails VALUES (35, 13, 6, 347.2);
INSERT INTO OrderDetails VALUES (36, 4, 2, 353.89);
INSERT INTO OrderDetails VALUES (36, 6, 3, 44.99);
INSERT INTO OrderDetails VALUES (36, 14, 6, 117.61);
INSERT INTO OrderDetails VALUES (37, 5, 1, 344.94);
INSERT INTO OrderDetails VALUES (37, 7, 3, 321.14);
INSERT INTO OrderDetails VALUES (38, 1, 2, 89.7);
INSERT INTO OrderDetails VALUES (38, 3, 3, 338.39);
INSERT INTO OrderDetails VALUES (38, 7, 3, 321.14);
INSERT INTO OrderDetails VALUES (38, 15, 3, 168.9);
INSERT INTO OrderDetails VALUES (39, 5, 1, 344.94);
INSERT INTO OrderDetails VALUES (39, 7, 3, 321.14);
INSERT INTO OrderDetails VALUES (40, 2, 3, 184.08);
INSERT INTO OrderDetails VALUES (40, 6, 4, 44.99);
INSERT INTO OrderDetails VALUES (40, 10, 3, 236.51);
INSERT INTO OrderDetails VALUES (40, 11, 3, 142.27);
INSERT INTO OrderDetails VALUES (41, 4, 4, 353.89);
INSERT INTO OrderDetails VALUES (41, 6, 4, 44.99);
INSERT INTO OrderDetails VALUES (41, 9, 2, 129.96);
INSERT INTO OrderDetails VALUES (41, 12, 3, 463.44);
INSERT INTO OrderDetails VALUES (42, 7, 1, 321.14);
INSERT INTO OrderDetails VALUES (42, 10, 3, 236.51);
INSERT INTO OrderDetails VALUES (43, 8, 6, 271.73);
INSERT INTO OrderDetails VALUES (43, 9, 4, 129.96);
INSERT INTO OrderDetails VALUES (43, 13, 3, 347.2);
INSERT INTO OrderDetails VALUES (44, 2, 2, 184.08);
INSERT INTO OrderDetails VALUES (44, 9, 3, 129.96);
INSERT INTO OrderDetails VALUES (44, 11, 3, 142.27);
INSERT INTO OrderDetails VALUES (45, 1, 2, 89.7);
INSERT INTO OrderDetails VALUES (46, 4, 2, 353.89);
INSERT INTO OrderDetails VALUES (46, 7, 2, 321.14);
INSERT INTO OrderDetails VALUES (46, 8, 4, 271.73);
INSERT INTO OrderDetails VALUES (46, 12, 4, 463.44);
INSERT INTO OrderDetails VALUES (47, 1, 2, 89.7);
INSERT INTO OrderDetails VALUES (47, 4, 2, 353.89);
INSERT INTO OrderDetails VALUES (47, 13, 4, 347.2);
INSERT INTO OrderDetails VALUES (47, 15, 1, 168.9);
INSERT INTO OrderDetails VALUES (48, 9, 3, 129.96);
INSERT INTO OrderDetails VALUES (48, 10, 4, 236.51);
INSERT INTO OrderDetails VALUES (48, 13, 4, 347.2);
INSERT INTO OrderDetails VALUES (48, 14, 4, 117.61);
INSERT INTO OrderDetails VALUES (48, 15, 2, 168.9);
INSERT INTO OrderDetails VALUES (49, 13, 4, 347.2);
INSERT INTO OrderDetails VALUES (49, 14, 3, 117.61);
INSERT INTO OrderDetails VALUES (50, 12, 3, 463.44);
INSERT INTO OrderDetails VALUES (51, 3, 2, 338.39);
INSERT INTO OrderDetails VALUES (51, 4, 4, 353.89);
INSERT INTO OrderDetails VALUES (51, 15, 1, 168.9);
INSERT INTO OrderDetails VALUES (52, 7, 4, 321.14);
INSERT INTO OrderDetails VALUES (53, 1, 2, 89.7);
INSERT INTO OrderDetails VALUES (53, 7, 1, 321.14);
INSERT INTO OrderDetails VALUES (53, 14, 8, 117.61);
INSERT INTO OrderDetails VALUES (54, 9, 2, 129.96);
INSERT INTO OrderDetails VALUES (54, 13, 4, 347.2);
INSERT INTO OrderDetails VALUES (54, 14, 4, 117.61);
INSERT INTO OrderDetails VALUES (55, 7, 3, 321.14);
INSERT INTO OrderDetails VALUES (55, 8, 1, 271.73);
INSERT INTO OrderDetails VALUES (55, 11, 4, 142.27);
INSERT INTO OrderDetails VALUES (55, 12, 2, 463.44);
INSERT INTO OrderDetails VALUES (56, 1, 4, 89.7);
INSERT INTO OrderDetails VALUES (56, 2, 4, 184.08);
INSERT INTO OrderDetails VALUES (56, 3, 5, 338.39);
INSERT INTO OrderDetails VALUES (56, 10, 1, 236.51);
INSERT INTO OrderDetails VALUES (57, 6, 4, 44.99);
INSERT INTO OrderDetails VALUES (57, 8, 3, 271.73);
INSERT INTO OrderDetails VALUES (58, 8, 1, 271.73);
INSERT INTO OrderDetails VALUES (58, 12, 1, 463.44);
INSERT INTO OrderDetails VALUES (58, 14, 1, 117.61);
INSERT INTO OrderDetails VALUES (59, 13, 1, 347.2);
INSERT INTO OrderDetails VALUES (60, 10, 2, 236.51);
INSERT INTO OrderDetails VALUES (61, 10, 2, 236.51);
INSERT INTO OrderDetails VALUES (62, 3, 1, 338.39);
INSERT INTO OrderDetails VALUES (62, 5, 1, 344.94);
INSERT INTO OrderDetails VALUES (62, 13, 2, 347.2);
INSERT INTO OrderDetails VALUES (63, 2, 5, 184.08);
INSERT INTO OrderDetails VALUES (63, 7, 2, 321.14);
INSERT INTO OrderDetails VALUES (63, 11, 4, 142.27);
INSERT INTO OrderDetails VALUES (63, 14, 1, 117.61);
INSERT INTO OrderDetails VALUES (64, 2, 3, 184.08);
INSERT INTO OrderDetails VALUES (64, 9, 4, 129.96);
INSERT INTO OrderDetails VALUES (64, 11, 3, 142.27);
INSERT INTO OrderDetails VALUES (65, 7, 3, 321.14);
INSERT INTO OrderDetails VALUES (66, 3, 3, 338.39);
INSERT INTO OrderDetails VALUES (66, 8, 4, 271.73);
INSERT INTO OrderDetails VALUES (66, 10, 4, 236.51);
INSERT INTO OrderDetails VALUES (66, 14, 3, 117.61);
INSERT INTO OrderDetails VALUES (67, 4, 4, 353.89);
INSERT INTO OrderDetails VALUES (67, 10, 4, 236.51);
INSERT INTO OrderDetails VALUES (67, 15, 4, 168.9);
INSERT INTO OrderDetails VALUES (68, 3, 4, 338.39);
INSERT INTO OrderDetails VALUES (68, 4, 3, 353.89);
INSERT INTO OrderDetails VALUES (68, 13, 3, 347.2);
INSERT INTO OrderDetails VALUES (69, 2, 2, 184.08);
INSERT INTO OrderDetails VALUES (69, 9, 3, 129.96);
INSERT INTO OrderDetails VALUES (70, 11, 4, 142.27);
INSERT INTO OrderDetails VALUES (70, 12, 4, 463.44);
INSERT INTO OrderDetails VALUES (71, 4, 4, 353.89);
INSERT INTO OrderDetails VALUES (71, 5, 3, 344.94);
INSERT INTO OrderDetails VALUES (71, 12, 2, 463.44);
INSERT INTO OrderDetails VALUES (72, 5, 3, 344.94);
INSERT INTO OrderDetails VALUES (72, 6, 4, 44.99);
INSERT INTO OrderDetails VALUES (72, 7, 3, 321.14);
INSERT INTO OrderDetails VALUES (73, 6, 1, 44.99);
INSERT INTO OrderDetails VALUES (73, 12, 2, 463.44);
INSERT INTO OrderDetails VALUES (74, 2, 2, 184.08);
INSERT INTO OrderDetails VALUES (74, 5, 5, 344.94);
INSERT INTO OrderDetails VALUES (74, 6, 2, 44.99);
INSERT INTO OrderDetails VALUES (75, 1, 1, 89.7);
INSERT INTO OrderDetails VALUES (75, 3, 3, 338.39);
INSERT INTO OrderDetails VALUES (75, 9, 3, 129.96);
INSERT INTO OrderDetails VALUES (75, 11, 4, 142.27);
INSERT INTO OrderDetails VALUES (75, 12, 2, 463.44);
INSERT INTO OrderDetails VALUES (76, 3, 1, 338.39);
INSERT INTO OrderDetails VALUES (76, 8, 7, 271.73);
INSERT INTO OrderDetails VALUES (77, 7, 4, 321.14);
INSERT INTO OrderDetails VALUES (78, 3, 2, 338.39);
INSERT INTO OrderDetails VALUES (79, 2, 4, 184.08);
INSERT INTO OrderDetails VALUES (79, 10, 2, 236.51);
INSERT INTO OrderDetails VALUES (80, 5, 5, 344.94);
INSERT INTO OrderDetails VALUES (80, 10, 1, 236.51);
INSERT INTO OrderDetails VALUES (80, 13, 2, 347.2);
INSERT INTO OrderDetails VALUES (81, 3, 2, 338.39);
INSERT INTO OrderDetails VALUES (82, 1, 4, 89.7);
INSERT INTO OrderDetails VALUES (82, 8, 4, 271.73);
INSERT INTO OrderDetails VALUES (83, 2, 2, 184.08);
INSERT INTO OrderDetails VALUES (83, 12, 7, 463.44);
INSERT INTO OrderDetails VALUES (84, 7, 1, 321.14);
INSERT INTO OrderDetails VALUES (84, 9, 2, 129.96);
INSERT INTO OrderDetails VALUES (85, 1, 2, 89.7);
INSERT INTO OrderDetails VALUES (86, 5, 4, 344.94);
INSERT INTO OrderDetails VALUES (86, 8, 4, 271.73);
INSERT INTO OrderDetails VALUES (86, 12, 4, 463.44);
INSERT INTO OrderDetails VALUES (86, 15, 3, 168.9);
INSERT INTO OrderDetails VALUES (87, 15, 4, 168.9);
INSERT INTO OrderDetails VALUES (88, 2, 2, 184.08);
INSERT INTO OrderDetails VALUES (89, 8, 4, 271.73);
INSERT INTO OrderDetails VALUES (89, 10, 1, 236.51);
INSERT INTO OrderDetails VALUES (89, 13, 2, 347.2);
INSERT INTO OrderDetails VALUES (90, 2, 4, 184.08);
INSERT INTO OrderDetails VALUES (90, 6, 7, 44.99);
INSERT INTO OrderDetails VALUES (90, 11, 4, 142.27);
INSERT INTO OrderDetails VALUES (91, 5, 4, 344.94);
INSERT INTO OrderDetails VALUES (91, 8, 1, 271.73);
INSERT INTO OrderDetails VALUES (91, 12, 4, 463.44);
INSERT INTO OrderDetails VALUES (91, 14, 1, 117.61);
INSERT INTO OrderDetails VALUES (92, 13, 4, 347.2);
INSERT INTO OrderDetails VALUES (93, 1, 2, 89.7);
INSERT INTO OrderDetails VALUES (93, 8, 4, 271.73);
INSERT INTO OrderDetails VALUES (93, 9, 3, 129.96);
INSERT INTO OrderDetails VALUES (93, 10, 4, 236.51);
INSERT INTO OrderDetails VALUES (93, 11, 4, 142.27);
INSERT INTO OrderDetails VALUES (94, 2, 1, 184.08);
INSERT INTO OrderDetails VALUES (94, 3, 3, 338.39);
INSERT INTO OrderDetails VALUES (94, 8, 4, 271.73);
INSERT INTO OrderDetails VALUES (94, 11, 2, 142.27);
INSERT INTO OrderDetails VALUES (94, 12, 2, 463.44);
INSERT INTO OrderDetails VALUES (95, 4, 1, 353.89);
INSERT INTO OrderDetails VALUES (95, 7, 1, 321.14);
INSERT INTO OrderDetails VALUES (95, 8, 4, 271.73);
INSERT INTO OrderDetails VALUES (95, 11, 2, 142.27);
INSERT INTO OrderDetails VALUES (96, 7, 2, 321.14);
INSERT INTO OrderDetails VALUES (96, 8, 4, 271.73);
INSERT INTO OrderDetails VALUES (96, 14, 4, 117.61);
INSERT INTO OrderDetails VALUES (97, 5, 4, 344.94);
INSERT INTO OrderDetails VALUES (97, 14, 1, 117.61);
INSERT INTO OrderDetails VALUES (98, 5, 3, 344.94);
INSERT INTO OrderDetails VALUES (99, 6, 3, 44.99);
INSERT INTO OrderDetails VALUES (99, 8, 4, 271.73);
INSERT INTO OrderDetails VALUES (99, 9, 4, 129.96);
INSERT INTO OrderDetails VALUES (99, 14, 2, 117.61);
INSERT INTO OrderDetails VALUES (100, 4, 4, 353.89);
INSERT INTO OrderDetails VALUES (100, 10, 4, 236.51);
INSERT INTO OrderDetails VALUES (101, 3, 3, 338.39);
INSERT INTO OrderDetails VALUES (101, 7, 2, 321.14);
INSERT INTO OrderDetails VALUES (101, 8, 1, 271.73);
INSERT INTO OrderDetails VALUES (101, 12, 4, 463.44);
INSERT INTO OrderDetails VALUES (102, 1, 2, 89.7);
INSERT INTO OrderDetails VALUES (102, 2, 4, 184.08);
INSERT INTO OrderDetails VALUES (102, 7, 2, 321.14);
INSERT INTO OrderDetails VALUES (102, 13, 3, 347.2);
INSERT INTO OrderDetails VALUES (102, 15, 4, 168.9);
INSERT INTO OrderDetails VALUES (103, 6, 4, 44.99);
INSERT INTO OrderDetails VALUES (103, 11, 1, 142.27);
INSERT INTO OrderDetails VALUES (103, 14, 7, 117.61);
INSERT INTO OrderDetails VALUES (104, 4, 3, 353.89);
INSERT INTO OrderDetails VALUES (105, 2, 1, 184.08);
INSERT INTO OrderDetails VALUES (105, 8, 2, 271.73);
INSERT INTO OrderDetails VALUES (105, 12, 3, 463.44);
INSERT INTO OrderDetails VALUES (105, 15, 1, 168.9);
INSERT INTO OrderDetails VALUES (106, 4, 4, 353.89);
INSERT INTO OrderDetails VALUES (106, 6, 3, 44.99);
INSERT INTO OrderDetails VALUES (106, 7, 2, 321.14);
INSERT INTO OrderDetails VALUES (107, 3, 1, 338.39);
INSERT INTO OrderDetails VALUES (107, 10, 4, 236.51);
INSERT INTO OrderDetails VALUES (108, 4, 4, 353.89);
INSERT INTO OrderDetails VALUES (108, 8, 3, 271.73);
INSERT INTO OrderDetails VALUES (108, 11, 3, 142.27);
INSERT INTO OrderDetails VALUES (108, 15, 2, 168.9);
INSERT INTO OrderDetails VALUES (109, 3, 1, 338.39);
INSERT INTO OrderDetails VALUES (109, 8, 3, 271.73);
INSERT INTO OrderDetails VALUES (109, 10, 3, 236.51);
INSERT INTO OrderDetails VALUES (109, 11, 4, 142.27);
INSERT INTO OrderDetails VALUES (109, 12, 3, 463.44);
INSERT INTO OrderDetails VALUES (110, 2, 2, 184.08);
INSERT INTO OrderDetails VALUES (110, 7, 3, 321.14);
INSERT INTO OrderDetails VALUES (110, 10, 3, 236.51);
INSERT INTO OrderDetails VALUES (110, 14, 4, 117.61);
INSERT INTO OrderDetails VALUES (111, 5, 1, 344.94);
INSERT INTO OrderDetails VALUES (111, 10, 1, 236.51);
INSERT INTO OrderDetails VALUES (111, 14, 3, 117.61);
INSERT INTO OrderDetails VALUES (111, 15, 4, 168.9);
INSERT INTO OrderDetails VALUES (112, 10, 3, 236.51);
INSERT INTO OrderDetails VALUES (112, 11, 2, 142.27);
INSERT INTO OrderDetails VALUES (113, 5, 4, 344.94);
INSERT INTO OrderDetails VALUES (114, 2, 3, 184.08);
INSERT INTO OrderDetails VALUES (114, 6, 4, 44.99);
INSERT INTO OrderDetails VALUES (115, 5, 4, 344.94);
INSERT INTO OrderDetails VALUES (115, 9, 3, 129.96);
INSERT INTO OrderDetails VALUES (115, 13, 3, 347.2);
INSERT INTO OrderDetails VALUES (115, 14, 2, 117.61);
INSERT INTO OrderDetails VALUES (115, 15, 3, 168.9);
INSERT INTO OrderDetails VALUES (116, 3, 2, 338.39);
INSERT INTO OrderDetails VALUES (117, 13, 4, 347.2);
INSERT INTO OrderDetails VALUES (118, 8, 3, 271.73);
INSERT INTO OrderDetails VALUES (119, 2, 2, 184.08);
INSERT INTO OrderDetails VALUES (119, 8, 1, 271.73);
INSERT INTO OrderDetails VALUES (119, 10, 3, 236.51);
INSERT INTO OrderDetails VALUES (120, 11, 4, 142.27);
INSERT INTO OrderDetails VALUES (121, 3, 1, 338.39);
INSERT INTO OrderDetails VALUES (122, 2, 2, 184.08);
INSERT INTO OrderDetails VALUES (123, 6, 4, 44.99);
INSERT INTO OrderDetails VALUES (123, 10, 2, 236.51);
INSERT INTO OrderDetails VALUES (123, 11, 1, 142.27);
INSERT INTO OrderDetails VALUES (123, 15, 4, 168.9);
INSERT INTO OrderDetails VALUES (124, 1, 3, 89.7);
INSERT INTO OrderDetails VALUES (124, 4, 4, 353.89);
INSERT INTO OrderDetails VALUES (124, 8, 2, 271.73);
INSERT INTO OrderDetails VALUES (125, 1, 4, 89.7);
INSERT INTO OrderDetails VALUES (125, 5, 2, 344.94);
INSERT INTO OrderDetails VALUES (125, 9, 3, 129.96);
INSERT INTO OrderDetails VALUES (126, 1, 3, 89.7);
INSERT INTO OrderDetails VALUES (126, 11, 1, 142.27);
INSERT INTO OrderDetails VALUES (127, 2, 2, 184.08);
INSERT INTO OrderDetails VALUES (127, 10, 2, 236.51);
INSERT INTO OrderDetails VALUES (128, 1, 3, 89.7);
INSERT INTO OrderDetails VALUES (128, 2, 1, 184.08);
INSERT INTO OrderDetails VALUES (128, 3, 3, 338.39);
INSERT INTO OrderDetails VALUES (128, 13, 2, 347.2);
INSERT INTO OrderDetails VALUES (128, 14, 2, 117.61);
INSERT INTO OrderDetails VALUES (129, 1, 2, 89.7);
INSERT INTO OrderDetails VALUES (129, 10, 3, 236.51);
INSERT INTO OrderDetails VALUES (130, 8, 4, 271.73);
INSERT INTO OrderDetails VALUES (130, 9, 1, 129.96);
INSERT INTO OrderDetails VALUES (130, 12, 1, 463.44);
INSERT INTO OrderDetails VALUES (130, 13, 3, 347.2);
INSERT INTO OrderDetails VALUES (131, 8, 1, 271.73);
INSERT INTO OrderDetails VALUES (131, 9, 2, 129.96);
INSERT INTO OrderDetails VALUES (131, 10, 1, 236.51);
INSERT INTO OrderDetails VALUES (131, 12, 3, 463.44);
INSERT INTO OrderDetails VALUES (132, 2, 1, 184.08);
INSERT INTO OrderDetails VALUES (132, 6, 2, 44.99);
INSERT INTO OrderDetails VALUES (132, 8, 4, 271.73);
INSERT INTO OrderDetails VALUES (132, 11, 1, 142.27);
INSERT INTO OrderDetails VALUES (133, 2, 1, 184.08);
INSERT INTO OrderDetails VALUES (133, 7, 3, 321.14);
INSERT INTO OrderDetails VALUES (133, 8, 4, 271.73);
INSERT INTO OrderDetails VALUES (133, 11, 3, 142.27);
INSERT INTO OrderDetails VALUES (133, 14, 2, 117.61);
INSERT INTO OrderDetails VALUES (134, 6, 8, 44.99);
INSERT INTO OrderDetails VALUES (134, 7, 4, 321.14);
INSERT INTO OrderDetails VALUES (134, 12, 1, 463.44);
INSERT INTO OrderDetails VALUES (135, 2, 1, 184.08);
INSERT INTO OrderDetails VALUES (135, 3, 4, 338.39);
INSERT INTO OrderDetails VALUES (135, 14, 1, 117.61);
INSERT INTO OrderDetails VALUES (136, 9, 1, 129.96);
INSERT INTO OrderDetails VALUES (136, 10, 3, 236.51);
INSERT INTO OrderDetails VALUES (136, 13, 2, 347.2);
INSERT INTO OrderDetails VALUES (137, 5, 3, 344.94);
INSERT INTO OrderDetails VALUES (137, 6, 1, 44.99);
INSERT INTO OrderDetails VALUES (137, 10, 2, 236.51);
INSERT INTO OrderDetails VALUES (137, 14, 1, 117.61);
INSERT INTO OrderDetails VALUES (138, 6, 3, 44.99);
INSERT INTO OrderDetails VALUES (138, 14, 1, 117.61);
INSERT INTO OrderDetails VALUES (139, 1, 2, 89.7);
INSERT INTO OrderDetails VALUES (139, 4, 4, 353.89);
INSERT INTO OrderDetails VALUES (139, 5, 3, 344.94);
INSERT INTO OrderDetails VALUES (139, 10, 3, 236.51);
INSERT INTO OrderDetails VALUES (139, 14, 1, 117.61);
INSERT INTO OrderDetails VALUES (140, 10, 4, 236.51);
INSERT INTO OrderDetails VALUES (140, 14, 2, 117.61);
INSERT INTO OrderDetails VALUES (141, 2, 2, 184.08);
INSERT INTO OrderDetails VALUES (142, 3, 3, 338.39);
INSERT INTO OrderDetails VALUES (142, 5, 3, 344.94);
INSERT INTO OrderDetails VALUES (142, 13, 1, 347.2);
INSERT INTO OrderDetails VALUES (143, 1, 1, 89.7);
INSERT INTO OrderDetails VALUES (143, 5, 4, 344.94);
INSERT INTO OrderDetails VALUES (143, 7, 3, 321.14);
INSERT INTO OrderDetails VALUES (143, 8, 4, 271.73);
INSERT INTO OrderDetails VALUES (143, 11, 4, 142.27);
INSERT INTO OrderDetails VALUES (144, 6, 4, 44.99);
INSERT INTO OrderDetails VALUES (145, 1, 4, 89.7);
INSERT INTO OrderDetails VALUES (145, 5, 2, 344.94);
INSERT INTO OrderDetails VALUES (145, 7, 1, 321.14);
INSERT INTO OrderDetails VALUES (145, 8, 3, 271.73);
INSERT INTO OrderDetails VALUES (146, 1, 4, 89.7);
INSERT INTO OrderDetails VALUES (146, 6, 1, 44.99);
INSERT INTO OrderDetails VALUES (146, 12, 4, 463.44);
INSERT INTO OrderDetails VALUES (147, 2, 4, 184.08);
INSERT INTO OrderDetails VALUES (147, 7, 1, 321.14);
INSERT INTO OrderDetails VALUES (147, 9, 3, 129.96);
INSERT INTO OrderDetails VALUES (147, 12, 2, 463.44);
INSERT INTO OrderDetails VALUES (147, 14, 1, 117.61);
INSERT INTO OrderDetails VALUES (148, 5, 1, 344.94);
INSERT INTO OrderDetails VALUES (148, 6, 2, 44.99);
INSERT INTO OrderDetails VALUES (148, 7, 5, 321.14);
INSERT INTO OrderDetails VALUES (148, 12, 4, 463.44);
INSERT INTO OrderDetails VALUES (149, 2, 4, 184.08);
INSERT INTO OrderDetails VALUES (149, 4, 4, 353.89);
INSERT INTO OrderDetails VALUES (149, 14, 1, 117.61);
INSERT INTO OrderDetails VALUES (150, 7, 3, 321.14);
INSERT INTO OrderDetails VALUES (151, 2, 1, 184.08);
INSERT INTO OrderDetails VALUES (151, 9, 2, 129.96);
INSERT INTO OrderDetails VALUES (152, 3, 3, 338.39);
INSERT INTO OrderDetails VALUES (152, 4, 1, 353.89);
INSERT INTO OrderDetails VALUES (153, 3, 4, 338.39);
INSERT INTO OrderDetails VALUES (153, 13, 1, 347.2);
INSERT INTO OrderDetails VALUES (154, 2, 4, 184.08);
INSERT INTO OrderDetails VALUES (154, 3, 4, 338.39);
INSERT INTO OrderDetails VALUES (154, 8, 6, 271.73);
INSERT INTO OrderDetails VALUES (154, 14, 3, 117.61);
INSERT INTO OrderDetails VALUES (155, 5, 4, 344.94);
INSERT INTO OrderDetails VALUES (155, 8, 1, 271.73);
INSERT INTO OrderDetails VALUES (155, 9, 1, 129.96);
INSERT INTO OrderDetails VALUES (156, 11, 1, 142.27);
INSERT INTO OrderDetails VALUES (157, 6, 4, 44.99);
INSERT INTO OrderDetails VALUES (157, 8, 3, 271.73);
INSERT INTO OrderDetails VALUES (157, 9, 2, 129.96);
INSERT INTO OrderDetails VALUES (158, 1, 2, 89.7);
INSERT INTO OrderDetails VALUES (158, 9, 2, 129.96);
INSERT INTO OrderDetails VALUES (158, 12, 1, 463.44);
INSERT INTO OrderDetails VALUES (159, 6, 3, 44.99);
INSERT INTO OrderDetails VALUES (159, 7, 4, 321.14);
INSERT INTO OrderDetails VALUES (159, 10, 2, 236.51);
INSERT INTO OrderDetails VALUES (159, 13, 3, 347.2);
INSERT INTO OrderDetails VALUES (159, 15, 3, 168.9);
INSERT INTO OrderDetails VALUES (160, 2, 7, 184.08);
INSERT INTO OrderDetails VALUES (160, 5, 3, 344.94);
INSERT INTO OrderDetails VALUES (161, 10, 2, 236.51);
INSERT INTO OrderDetails VALUES (162, 3, 1, 338.39);
INSERT INTO OrderDetails VALUES (162, 5, 4, 344.94);
INSERT INTO OrderDetails VALUES (162, 11, 3, 142.27);
INSERT INTO OrderDetails VALUES (162, 14, 2, 117.61);
INSERT INTO OrderDetails VALUES (163, 1, 3, 89.7);
INSERT INTO OrderDetails VALUES (163, 4, 3, 353.89);
INSERT INTO OrderDetails VALUES (163, 5, 2, 344.94);
INSERT INTO OrderDetails VALUES (163, 9, 3, 129.96);
INSERT INTO OrderDetails VALUES (164, 3, 1, 338.39);
INSERT INTO OrderDetails VALUES (164, 5, 1, 344.94);
INSERT INTO OrderDetails VALUES (165, 1, 3, 89.7);
INSERT INTO OrderDetails VALUES (165, 3, 4, 338.39);
INSERT INTO OrderDetails VALUES (165, 10, 4, 236.51);
INSERT INTO OrderDetails VALUES (165, 15, 2, 168.9);
INSERT INTO OrderDetails VALUES (166, 8, 3, 271.73);
INSERT INTO OrderDetails VALUES (166, 11, 2, 142.27);
INSERT INTO OrderDetails VALUES (166, 13, 4, 347.2);
INSERT INTO OrderDetails VALUES (167, 6, 4, 44.99);
INSERT INTO OrderDetails VALUES (167, 13, 4, 347.2);
INSERT INTO OrderDetails VALUES (167, 15, 2, 168.9);
INSERT INTO OrderDetails VALUES (168, 3, 2, 338.39);
INSERT INTO OrderDetails VALUES (168, 9, 4, 129.96);
INSERT INTO OrderDetails VALUES (168, 13, 2, 347.2);
INSERT INTO OrderDetails VALUES (168, 14, 3, 117.61);
INSERT INTO OrderDetails VALUES (169, 5, 1, 344.94);
INSERT INTO OrderDetails VALUES (169, 9, 1, 129.96);
INSERT INTO OrderDetails VALUES (169, 12, 1, 463.44);
INSERT INTO OrderDetails VALUES (170, 2, 2, 184.08);
INSERT INTO OrderDetails VALUES (170, 3, 4, 338.39);
INSERT INTO OrderDetails VALUES (170, 14, 4, 117.61);
INSERT INTO OrderDetails VALUES (170, 15, 4, 168.9);
INSERT INTO OrderDetails VALUES (171, 1, 3, 89.7);
INSERT INTO OrderDetails VALUES (171, 6, 4, 44.99);
INSERT INTO OrderDetails VALUES (171, 7, 1, 321.14);
INSERT INTO OrderDetails VALUES (171, 15, 1, 168.9);
INSERT INTO OrderDetails VALUES (172, 5, 4, 344.94);
INSERT INTO OrderDetails VALUES (173, 1, 3, 89.7);
INSERT INTO OrderDetails VALUES (173, 4, 2, 353.89);
INSERT INTO OrderDetails VALUES (173, 8, 1, 271.73);
INSERT INTO OrderDetails VALUES (173, 15, 1, 168.9);
INSERT INTO OrderDetails VALUES (174, 2, 1, 184.08);
INSERT INTO OrderDetails VALUES (174, 4, 7, 353.89);
INSERT INTO OrderDetails VALUES (174, 7, 1, 321.14);
INSERT INTO OrderDetails VALUES (174, 13, 3, 347.2);
INSERT INTO OrderDetails VALUES (175, 14, 4, 117.61);
INSERT INTO OrderDetails VALUES (176, 1, 3, 89.7);
INSERT INTO OrderDetails VALUES (176, 4, 4, 353.89);
INSERT INTO OrderDetails VALUES (176, 5, 4, 344.94);
INSERT INTO OrderDetails VALUES (176, 10, 2, 236.51);
INSERT INTO OrderDetails VALUES (176, 12, 2, 463.44);
INSERT INTO OrderDetails VALUES (177, 9, 3, 129.96);
INSERT INTO OrderDetails VALUES (178, 1, 4, 89.7);
INSERT INTO OrderDetails VALUES (178, 6, 3, 44.99);
INSERT INTO OrderDetails VALUES (178, 7, 4, 321.14);
INSERT INTO OrderDetails VALUES (178, 12, 1, 463.44);
INSERT INTO OrderDetails VALUES (178, 13, 1, 347.2);
INSERT INTO OrderDetails VALUES (179, 12, 1, 463.44);
INSERT INTO OrderDetails VALUES (179, 13, 3, 347.2);
INSERT INTO OrderDetails VALUES (180, 6, 2, 44.99);
INSERT INTO OrderDetails VALUES (180, 11, 2, 142.27);
INSERT INTO OrderDetails VALUES (180, 12, 4, 463.44);
INSERT INTO OrderDetails VALUES (180, 13, 2, 347.2);
INSERT INTO OrderDetails VALUES (180, 14, 4, 117.61);
INSERT INTO OrderDetails VALUES (181, 5, 2, 344.94);
INSERT INTO OrderDetails VALUES (182, 9, 4, 129.96);
INSERT INTO OrderDetails VALUES (182, 14, 4, 117.61);
INSERT INTO OrderDetails VALUES (182, 15, 3, 168.9);
INSERT INTO OrderDetails VALUES (183, 5, 3, 344.94);
INSERT INTO OrderDetails VALUES (183, 14, 1, 117.61);
INSERT INTO OrderDetails VALUES (184, 7, 4, 321.14);
INSERT INTO OrderDetails VALUES (184, 12, 4, 463.44);
INSERT INTO OrderDetails VALUES (184, 15, 4, 168.9);
INSERT INTO OrderDetails VALUES (185, 2, 4, 184.08);
INSERT INTO OrderDetails VALUES (185, 6, 3, 44.99);
INSERT INTO OrderDetails VALUES (185, 12, 4, 463.44);
INSERT INTO OrderDetails VALUES (185, 13, 1, 347.2);
INSERT INTO OrderDetails VALUES (186, 2, 3, 184.08);
INSERT INTO OrderDetails VALUES (186, 6, 1, 44.99);
INSERT INTO OrderDetails VALUES (186, 11, 3, 142.27);
INSERT INTO OrderDetails VALUES (187, 1, 3, 89.7);
INSERT INTO OrderDetails VALUES (187, 3, 4, 338.39);
INSERT INTO OrderDetails VALUES (187, 6, 4, 44.99);
INSERT INTO OrderDetails VALUES (187, 10, 4, 236.51);
INSERT INTO OrderDetails VALUES (188, 11, 4, 142.27);
INSERT INTO OrderDetails VALUES (189, 1, 2, 89.7);
INSERT INTO OrderDetails VALUES (189, 14, 4, 117.61);
INSERT INTO OrderDetails VALUES (190, 6, 4, 44.99);
INSERT INTO OrderDetails VALUES (190, 13, 3, 347.2);
INSERT INTO OrderDetails VALUES (191, 6, 3, 44.99);
INSERT INTO OrderDetails VALUES (191, 11, 4, 142.27);
INSERT INTO OrderDetails VALUES (192, 1, 2, 89.7);
INSERT INTO OrderDetails VALUES (192, 3, 3, 338.39);
INSERT INTO OrderDetails VALUES (192, 4, 1, 353.89);
INSERT INTO OrderDetails VALUES (192, 7, 3, 321.14);
INSERT INTO OrderDetails VALUES (192, 11, 3, 142.27);
INSERT INTO OrderDetails VALUES (193, 2, 3, 184.08);
INSERT INTO OrderDetails VALUES (193, 4, 3, 353.89);
INSERT INTO OrderDetails VALUES (193, 12, 8, 463.44);
INSERT INTO OrderDetails VALUES (193, 13, 3, 347.2);
INSERT INTO OrderDetails VALUES (194, 8, 2, 271.73);
INSERT INTO OrderDetails VALUES (195, 9, 3, 129.96);
INSERT INTO OrderDetails VALUES (195, 11, 3, 142.27);
INSERT INTO OrderDetails VALUES (195, 12, 1, 463.44);
INSERT INTO OrderDetails VALUES (196, 9, 2, 129.96);
INSERT INTO OrderDetails VALUES (196, 13, 3, 347.2);
INSERT INTO OrderDetails VALUES (197, 1, 3, 89.7);
INSERT INTO OrderDetails VALUES (197, 13, 4, 347.2);
INSERT INTO OrderDetails VALUES (198, 2, 3, 184.08);
INSERT INTO OrderDetails VALUES (198, 7, 4, 321.14);
INSERT INTO OrderDetails VALUES (198, 10, 1, 236.51);
INSERT INTO OrderDetails VALUES (198, 13, 2, 347.2);
INSERT INTO OrderDetails VALUES (199, 2, 2, 184.08);
INSERT INTO OrderDetails VALUES (199, 3, 2, 338.39);
INSERT INTO OrderDetails VALUES (199, 6, 1, 44.99);
INSERT INTO OrderDetails VALUES (199, 8, 4, 271.73);
INSERT INTO OrderDetails VALUES (199, 11, 3, 142.27);
INSERT INTO OrderDetails VALUES (200, 14, 1, 117.61);